{
  "r2": 0.8035359478233919,
  "rmse": 0.5177538968386449,
  "mae": 0.33091639295865666
}