{
  "r2": 0.7819473323514797,
  "rmse": 0.5345448282567141,
  "mae": 0.36505928090409623
}