{
  "r2": 0.7438101530636674,
  "rmse": 0.582907310550296,
  "mae": 0.4112336967347989
}