{
  "linear": {
    "type": "LinearRegression",
    "params": {},
    "rmse": 0.7508998966635733,
    "r2": 0.5749305723413495,
    "mae": 0.541391868187904
  },
  "rf": {
    "type": "RandomForestRegressor",
    "params": {
      "n_estimators": 250,
      "max_depth": 1,
      "random_state": 2025,
      "n_jobs": -1
    },
    "rmse": 0.9488815693521684,
    "r2": 0.3228558228849837,
    "mae": 0.7312905189156917
  },
  "gbr": {
    "type": "GradientBoostingRegressor",
    "params": {
      "n_estimators": 100,
      "learning_rate": 0.05,
      "max_depth": 3,
      "random_state": 2025
    },
    "rmse": 0.570187786077471,
    "r2": 0.7552687993069458,
    "mae": 0.402071278199564
  }
}